dataset,buy_probability_threshold,predicted_max_return_threshold,buy_count,buy_rate,hit_rate,average_return_after_costs,total_return_after_costs,max_drawdown
validation,0.5,0.001,17926,0.5687182741116751,0.5620885864108,-0.0024101788408771472,-43.20486590156374,-1.0
validation,0.5,0.0015,17926,0.5687182741116751,0.5620885864108,-0.0024101788408771472,-43.20486590156374,-1.0
validation,0.5,0.002,17393,0.5518083756345178,0.567412177312712,-0.0024073937411310743,-41.871799339492775,-1.0
validation,0.5,0.0025,12643,0.40111040609137055,0.6187613699280234,-0.002381934842461292,-30.114802213238114,-0.9999999999999333
validation,0.5,0.003,8745,0.27744289340101524,0.6678101772441395,-0.0023669511562202272,-20.698987861145888,-0.999999999146396
validation,0.55,0.001,15203,0.4823286802030457,0.5916595408800894,-0.0023993239317227793,-36.47692173398141,-0.9999999999999999
validation,0.55,0.0015,15203,0.4823286802030457,0.5916595408800894,-0.0023993239317227793,-36.47692173398141,-0.9999999999999999
validation,0.55,0.002,15170,0.48128172588832485,0.5920237310481213,-0.002398171797297855,-36.380266165008464,-0.9999999999999999
validation,0.55,0.0025,12613,0.4001586294416244,0.6192816934908428,-0.0023804387264934495,-30.02447365726188,-0.9999999999999271
validation,0.55,0.003,8745,0.27744289340101524,0.6678101772441395,-0.0023669511562202272,-20.698987861145888,-0.999999999146396
validation,0.6,0.001,12468,0.3955583756345178,0.6229547641963427,-0.002378494025771334,-29.655063513316993,-0.9999999999998938
validation,0.6,0.0015,12468,0.3955583756345178,0.6229547641963427,-0.002378494025771334,-29.655063513316993,-0.9999999999998938
validation,0.6,0.002,12467,0.3955266497461929,0.6230047324937836,-0.002377484536281269,-29.64009971381858,-0.9999999999998922
validation,0.6,0.0025,11844,0.37576142131979695,0.6278284363390746,-0.002384304067885739,-28.23969738003869,-0.9999999999995616
validation,0.6,0.003,8731,0.27699873096446703,0.6679647233993815,-0.002369287384986195,-20.68624815831447,-0.9999999991353675
validation,0.62,0.001,11283,0.3579631979695431,0.6375077550296907,-0.0023702509836303603,-26.743541848301355,-0.9999999999980309
validation,0.62,0.0015,11283,0.3579631979695431,0.6375077550296907,-0.0023702509836303603,-26.743541848301355,-0.9999999999980309
validation,0.62,0.002,11282,0.3579314720812183,0.6375642616557348,-0.002369134732210861,-26.728578048802937,-0.999999999998001
validation,0.62,0.0025,11013,0.3493972081218274,0.6376100971579043,-0.0023817699825089463,-26.230432817371025,-0.9999999999967036
validation,0.62,0.003,8681,0.27541243654822334,0.6688169565718235,-0.002370452439840824,-20.577897630258192,-0.9999999990359862
validation,0.65,0.001,9495,0.30123730964467005,0.6590837282780411,-0.002365393523263686,-22.4594115033887,-0.9999999998545291
validation,0.65,0.0015,9495,0.30123730964467005,0.6590837282780411,-0.002365393523263686,-22.4594115033887,-0.9999999998545291
validation,0.65,0.002,9495,0.30123730964467005,0.6590837282780411,-0.002365393523263686,-22.4594115033887,-0.9999999998545291
validation,0.65,0.0025,9438,0.2994289340101523,0.6588260224623861,-0.002371356817427959,-22.380865642885077,-0.9999999998425979
validation,0.65,0.003,8369,0.2655139593908629,0.6727207551678814,-0.002366569352718466,-19.805818912900843,-0.9999999979060412
validation,0.7,0.001,6621,0.21005710659898477,0.6935508231384987,-0.002412172540575278,-15.970994391148915,-0.9999998980783057
validation,0.7,0.0015,6621,0.21005710659898477,0.6935508231384987,-0.002412172540575278,-15.970994391148915,-0.9999998980783057
validation,0.7,0.002,6621,0.21005710659898477,0.6935508231384987,-0.002412172540575278,-15.970994391148915,-0.9999998980783057
validation,0.7,0.0025,6618,0.20996192893401014,0.6937141130250831,-0.0024122275299179458,-15.964121792996966,-0.9999998973738001
validation,0.7,0.003,6524,0.20697969543147207,0.6945125689760883,-0.002412324501232309,-15.738005046039584,-0.9999998711794471
test_final_evaluation_only,0.5,0.001,14746,0.467815107388725,0.4910484199104842,-0.0024030824522021277,-35.43585384017258,-0.9999999999999997
test_final_evaluation_only,0.5,0.0015,14746,0.467815107388725,0.4910484199104842,-0.0024030824522021277,-35.43585384017258,-0.9999999999999997
test_final_evaluation_only,0.5,0.002,14005,0.4443069699565369,0.4978936094252053,-0.002391987394519041,-33.49978346023917,-0.9999999999999976
test_final_evaluation_only,0.5,0.0025,8581,0.27223121093873925,0.558792681505652,-0.0023545122661366227,-20.20406975571836,-0.9999999984793315
test_final_evaluation_only,0.5,0.003,5114,0.16224104565210495,0.6145874071177161,-0.002324974941485249,-11.889921850755565,-0.9999935944578761
test_final_evaluation_only,0.55,0.001,11504,0.3649630405126741,0.5250347705146036,-0.002371694080320173,-27.28396870000327,-0.9999999999987537
test_final_evaluation_only,0.55,0.0015,11504,0.3649630405126741,0.5250347705146036,-0.002371694080320173,-27.28396870000327,-0.9999999999987537
test_final_evaluation_only,0.55,0.002,11450,0.36324989689413406,0.5252401746724891,-0.00237135177653857,-27.151977841366623,-0.9999999999985771
test_final_evaluation_only,0.55,0.0025,8539,0.270898765902097,0.5590818597025413,-0.0023557610746595013,-20.115843816517483,-0.999999998338531
test_final_evaluation_only,0.55,0.003,5114,0.16224104565210495,0.6145874071177161,-0.002324974941485249,-11.889921850755565,-0.9999935944578761
test_final_evaluation_only,0.6,0.001,8469,0.26867802417435993,0.5625221395678356,-0.002328262377673896,-19.718054076520225,-0.9999999975217204
test_final_evaluation_only,0.6,0.0015,8469,0.26867802417435993,0.5625221395678356,-0.002328262377673896,-19.718054076520225,-0.9999999975217204
test_final_evaluation_only,0.6,0.002,8469,0.26867802417435993,0.5625221395678356,-0.002328262377673896,-19.718054076520225,-0.9999999975217204
test_final_evaluation_only,0.6,0.0025,7729,0.2452016116239967,0.5731659981886402,-0.002321837985691783,-17.94548579141179,-0.9999999853190605
test_final_evaluation_only,0.6,0.003,5097,0.1617017226610831,0.6152638807141456,-0.002325977664802402,-11.855508157497843,-0.9999933691917859
test_final_evaluation_only,0.62,0.001,7308,0.2318454363757495,0.5810071154898742,-0.0023000002608336923,-16.808401906172623,-0.9999999539788911
test_final_evaluation_only,0.62,0.0015,7308,0.2318454363757495,0.5810071154898742,-0.0023000002608336923,-16.808401906172623,-0.9999999539788911
test_final_evaluation_only,0.62,0.002,7308,0.2318454363757495,0.5810071154898742,-0.0023000002608336923,-16.808401906172623,-0.9999999539788911
test_final_evaluation_only,0.62,0.0025,7000,0.22207417277370642,0.5848571428571429,-0.0022988743370035048,-16.092120359024534,-0.9999999055204263
test_final_evaluation_only,0.62,0.003,5050,0.16021065321531677,0.6174257425742574,-0.002322875979748501,-11.73052369772993,-0.9999924838572664
test_final_evaluation_only,0.65,0.001,5738,0.18203737191078964,0.6066573719065876,-0.0023051795553796243,-13.227120288768285,-0.9999983226085744
test_final_evaluation_only,0.65,0.0015,5738,0.18203737191078964,0.6066573719065876,-0.0023051795553796243,-13.227120288768285,-0.9999983226085744
test_final_evaluation_only,0.65,0.002,5738,0.18203737191078964,0.6066573719065876,-0.0023051795553796243,-13.227120288768285,-0.9999983226085744
test_final_evaluation_only,0.65,0.0025,5692,0.18057802734684814,0.606816584680253,-0.0023104736312650107,-13.151215909160442,-0.9999981883776571
test_final_evaluation_only,0.65,0.003,4771,0.15135941118619334,0.6231398029763152,-0.0023310558442399282,-11.121467432868698,-0.9999861318607195
test_final_evaluation_only,0.7,0.001,3386,0.10742044985882428,0.6512108682811577,-0.0022800553219983945,-7.720267320286563,-0.9995837422541789
test_final_evaluation_only,0.7,0.0015,3386,0.10742044985882428,0.6512108682811577,-0.0022800553219983945,-7.720267320286563,-0.9995837422541789
test_final_evaluation_only,0.7,0.002,3386,0.10742044985882428,0.6512108682811577,-0.0022800553219983945,-7.720267320286563,-0.9995837422541789
test_final_evaluation_only,0.7,0.0025,3385,0.10738872497699946,0.6511078286558346,-0.00228065119949809,-7.720004310301036,-0.9995836327454333
test_final_evaluation_only,0.7,0.003,3320,0.10532660765838647,0.6524096385542169,-0.002284299048327705,-7.583872840447981,-0.9995227030984754
